fold,pair,order_id,side,pattern,signal_time_utc,signal_time_london,entry_time_utc,entry_time_london,exit_time_utc,exit_time_london,entry,stop,target,exit,exit_reason,gross_r,net_r_after_costs,body_ratio,close_location,cost_to_risk_ratio,entry_displacement_atr,instrument,range_atr,risk_pips,spread_pips,stop_distance_atr
june_2026,USDJPY,usdjpy-1130-bearish_wickless-signal_range,SELL,BEARISH_WICKLESS,2026-06-12T08:30:00+00:00,2026-06-12T09:30:00+01:00,2026-06-12T08:45:00+00:00,2026-06-12T09:45:00+01:00,2026-06-12T10:15:00+00:00,2026-06-12T11:15:00+01:00,160.079,160.17,159.897,160.17,STOP,-1.0,-1.021978,0.967391304347675,0.021739130434883347,0.0879120879120825,0.0,usdjpy,1.2541382667966179,9.100000000000819,0.6000000000000227,1.2405063291139828
june_2026,EURUSD,eurusd-1419-bearish_wickless-signal_range,SELL,BEARISH_WICKLESS,2026-06-17T11:00:00+00:00,2026-06-17T12:00:00+01:00,2026-06-17T11:15:00+00:00,2026-06-17T12:15:00+01:00,2026-06-17T12:15:00+00:00,2026-06-17T13:15:00+01:00,1.15915,1.15972,1.15801,1.15972,STOP,-1.0,-1.035088,0.8870967741935368,0.09677419354829467,0.08771929824554135,0.0,eurusd,1.3211567732115792,5.700000000001815,0.2999999999997449,1.2146118721463888
june_2026,USDJPY,usdjpy-1966-bearish_wickless-signal_range,SELL,BEARISH_WICKLESS,2026-06-25T14:30:00+00:00,2026-06-25T15:30:00+01:00,2026-06-25T14:45:00+00:00,2026-06-25T15:45:00+01:00,2026-06-25T16:45:00+00:00,2026-06-25T17:45:00+01:00,161.678,161.745,161.544,161.745,STOP,-1.0,-1.029851,0.902777777777712,0.08333333333333333,0.0895522388062455,0.0,usdjpy,0.8520710059171769,6.700000000000728,0.40000000000190994,0.7928994082840957
july_2026,EURUSD,eurusd-857-bearish_wickless-signal_range,SELL,BEARISH_WICKLESS,2026-07-10T08:45:00+00:00,2026-07-10T09:45:00+01:00,2026-07-10T09:00:00+00:00,2026-07-10T10:00:00+01:00,2026-07-10T10:45:00+00:00,2026-07-10T11:45:00+01:00,1.14304,1.14354,1.14204,1.14354,STOP,-1.0,-1.04,0.9411764705882865,0.03921568627476591,0.09999999999996,0.0,eurusd,1.0408163265306876,4.999999999999449,0.2999999999997449,1.0204081632652466
july_2026,USDJPY,usdjpy-967-bullish_wickless-signal_range,BUY,BULLISH_WICKLESS,2026-07-13T07:30:00+00:00,2026-07-13T08:30:00+01:00,2026-07-13T07:45:00+00:00,2026-07-13T08:45:00+01:00,2026-07-13T07:45:00+00:00,2026-07-13T08:45:00+01:00,162.225,162.121,162.433,162.121,STOP,-1.0,-1.019231,0.9611650485437724,0.03883495145622763,0.09615384615368075,0.0,usdjpy,0.7971254836925334,10.3999999999985,0.7999999999981355,0.8048645660585187
july_2026,EURUSD,eurusd-1056-bullish_wickless-signal_range,BUY,BULLISH_WICKLESS,2026-07-14T11:30:00+00:00,2026-07-14T12:30:00+01:00,2026-07-14T11:45:00+00:00,2026-07-14T12:45:00+01:00,2026-07-14T12:15:00+00:00,2026-07-14T13:15:00+01:00,1.14013,1.1395,1.14139,1.14139,TARGET,2.0,1.968254,0.9516129032254945,0.03225806451633698,0.09523809523778656,0.0,eurusd,1.1511936339523934,6.300000000001305,0.3999999999981796,1.1697612732098097
july_2026,USDCAD,usdcad-1042-bearish_wickless-signal_range,SELL,BEARISH_WICKLESS,2026-07-14T14:00:00+00:00,2026-07-14T15:00:00+01:00,2026-07-14T14:15:00+00:00,2026-07-14T15:15:00+01:00,2026-07-14T15:45:00+00:00,2026-07-14T16:45:00+01:00,1.40564,1.40702,1.40288,1.40702,STOP,-1.0,-1.014493,0.9256756756756462,0.07432432432435372,0.09420289855075328,0.0,usdcad,1.2081632653062275,13.800000000001589,1.100000000000545,1.1265306122450132
july_2026,EURUSD,eurusd-1157-bullish_wickless-signal_range,BUY,BULLISH_WICKLESS,2026-07-15T14:30:00+00:00,2026-07-15T15:30:00+01:00,2026-07-15T14:45:00+00:00,2026-07-15T15:45:00+01:00,2026-07-15T15:30:00+00:00,2026-07-15T16:30:00+01:00,1.14389,1.14322,1.14523,1.14322,STOP,-1.0,-1.029851,0.8985507246376718,0.08695652173904649,0.07462686567158473,0.0,eurusd,1.005202913631737,6.700000000001705,0.2999999999997449,0.9760665972947212
july_2026,EURUSD,eurusd-1167-bullish_wickless-signal_range,BUY,BULLISH_WICKLESS,2026-07-15T17:00:00+00:00,2026-07-15T18:00:00+01:00,2026-07-15T17:15:00+00:00,2026-07-15T18:15:00+01:00,2026-07-15T17:30:00+00:00,2026-07-15T18:30:00+01:00,1.14496,1.14418,1.14652,1.14652,TARGET,2.0,1.974359,0.9259259259257128,0.06172839506186038,0.06410256410253115,0.0,eurusd,1.1962025316455447,7.800000000000029,0.2999999999997449,1.1518987341772275
july_2026,GBPUSD,gbpusd-1450-bearish_wickless-signal_range,SELL,BEARISH_WICKLESS,2026-07-20T14:30:00+00:00,2026-07-20T15:30:00+01:00,2026-07-20T14:45:00+00:00,2026-07-20T15:45:00+01:00,2026-07-20T15:15:00+00:00,2026-07-20T16:15:00+01:00,1.34418,1.34528,1.34198,1.34198,TARGET,2.0,1.981818,0.9237288135593842,0.07627118644061577,0.0818181818181875,0.0,gbpusd,1.529629629629556,11.000000000001009,0.700000000000145,1.4259259259260377
july_2026,USDJPY,usdjpy-1550-bullish_wickless-signal_range,BUY,BULLISH_WICKLESS,2026-07-21T14:15:00+00:00,2026-07-21T15:15:00+01:00,2026-07-21T14:30:00+00:00,2026-07-21T15:30:00+01:00,2026-07-21T18:00:00+00:00,2026-07-21T19:00:00+01:00,162.952,162.896,163.064,163.064,TARGET,2.0,1.964286,0.9811320754721433,0.01886792452785669,0.0892857142859516,0.0,usdjpy,1.0,5.60000000000116,0.30000000000143245,1.0566037735851788
july_2026,USDJPY,usdjpy-1721-bullish_wickless-signal_range,BUY,BULLISH_WICKLESS,2026-07-23T11:15:00+00:00,2026-07-23T12:15:00+01:00,2026-07-23T11:30:00+00:00,2026-07-23T12:30:00+01:00,2026-07-23T11:30:00+00:00,2026-07-23T12:30:00+01:00,163.421,163.359,163.545,163.545,TARGET,2.0,1.967742,0.8906250000003539,0.09375000000001388,0.08064516129057521,0.0,usdjpy,1.2584269662920156,6.19999999999834,0.30000000000143245,1.2191011235951978
july_2026,EURUSD,eurusd-1883-bearish_wickless-signal_range,SELL,BEARISH_WICKLESS,2026-07-27T14:15:00+00:00,2026-07-27T15:15:00+01:00,2026-07-27T14:30:00+00:00,2026-07-27T15:30:00+01:00,2026-07-27T15:15:00+00:00,2026-07-27T16:15:00+01:00,1.13703,1.13763,1.13583,1.13763,STOP,-1.0,-1.033333,0.9830508474575187,0.0,0.10000000000004068,0.0,eurusd,1.0147420147421105,6.00000000000156,0.40000000000040004,1.0319410319412392
july_2026,GBPUSD,gbpusd-1981-bearish_wickless-signal_range,SELL,BEARISH_WICKLESS,2026-07-28T09:45:00+00:00,2026-07-28T10:45:00+01:00,2026-07-28T10:00:00+00:00,2026-07-28T11:00:00+01:00,2026-07-28T12:15:00+00:00,2026-07-28T13:15:00+01:00,1.32799,1.32886,1.32625,1.32886,STOP,-1.0,-1.022989,0.9550561797752388,0.03370786516850849,0.06896551724141352,0.0,gbpusd,1.308823529411914,8.700000000001484,0.40000000000040004,1.279411764706164
july_2026,USDJPY,usdjpy-2164-bullish_wickless-signal_range,BUY,BULLISH_WICKLESS,2026-07-30T07:30:00+00:00,2026-07-30T08:30:00+01:00,2026-07-30T07:45:00+00:00,2026-07-30T08:45:00+01:00,2026-07-30T08:00:00+00:00,2026-07-30T09:00:00+01:00,163.704,163.646,163.82,163.646,STOP,-1.0,-1.034483,0.9636363636361945,0.018181818181902742,0.08620689655193968,0.0,usdjpy,1.0433604336045061,5.800000000002115,0.30000000000143245,1.1002710027104712
july_2026,EURUSD,eurusd-2154-bullish_wickless-signal_range,BUY,BULLISH_WICKLESS,2026-07-30T11:45:00+00:00,2026-07-30T12:45:00+01:00,2026-07-30T12:00:00+00:00,2026-07-30T13:00:00+01:00,2026-07-30T13:30:00+00:00,2026-07-30T14:30:00+01:00,1.14762,1.1465,1.14986,1.14986,TARGET,2.0,1.982143,0.9719626168224571,0.02803738317754294,0.08035714285713916,0.0,eurusd,1.2556580050294865,11.20000000000232,0.700000000000145,1.3143336127412617
july_2026,USDCHF,usdchf-2119-bearish_wickless-signal_range,SELL,BEARISH_WICKLESS,2026-07-30T11:45:00+00:00,2026-07-30T12:45:00+01:00,2026-07-30T12:00:00+00:00,2026-07-30T13:00:00+01:00,2026-07-30T13:30:00+00:00,2026-07-30T14:30:00+01:00,0.81252,0.81366,0.81024,0.81024,TARGET,2.0,1.982456,0.9912280701753814,0.00877192982461864,0.08771929824559307,0.0,usdchf,1.2090909090909419,11.399999999999189,0.7999999999996898,1.209090909090824
july_2026,EURUSD,eurusd-2168-bullish_wickless-signal_range,BUY,BULLISH_WICKLESS,2026-07-30T15:15:00+00:00,2026-07-30T16:15:00+01:00,2026-07-30T15:30:00+00:00,2026-07-30T16:30:00+01:00,2026-07-30T18:00:00+00:00,2026-07-30T19:00:00+01:00,1.15159,1.15065,1.15347,1.15347,TARGET,2.0,1.978723,0.946236559139903,0.032258064516105925,0.053191489361678335,0.0,eurusd,0.7290033594623888,9.399999999999409,0.2999999999997449,0.7368421052631121
july_2026,EURUSD,eurusd-2264-bullish_wickless-signal_range,BUY,BULLISH_WICKLESS,2026-07-31T15:45:00+00:00,2026-07-31T16:45:00+01:00,2026-07-31T16:00:00+00:00,2026-07-31T17:00:00+01:00,2026-07-31T20:15:00+00:00,2026-07-31T21:15:00+01:00,1.15184,1.15086,1.1538,1.1538,TARGET,2.0,1.979592,0.929292929292918,0.06060606060623052,0.06122448979596038,0.0,eurusd,0.7640573318633195,9.799999999999809,0.40000000000040004,0.756339581036367
